,Season,Team ID,TKey,Field Goal Attempts,Field Goal Avg Yards,Field Goal Blocked,Field Goal Longest,Field Goal Made,Field Goal Yards
0,2012,768c92aa-75ff-4a43-bcc0-f2798c2e1724,768c92aa-75ff-4a43-bcc0-f2798c2e17242012,24,30.583,0,50,21,734
1,2012,4809ecb0-abd3-451d-9c4a-92a90b83ca06,4809ecb0-abd3-451d-9c4a-92a90b83ca062012,30,30.069,1,53,23,872
2,2012,5fee86ae-74ab-4bdd-8416-42a9dd9964f3,5fee86ae-74ab-4bdd-8416-42a9dd9964f32012,27,31.083,3,54,21,746
3,2012,97354895-8c77-4fd4-a860-32e62ea7382a,97354895-8c77-4fd4-a860-32e62ea7382a2012,35,29.714,0,53,29,1040
4,2012,ad4ae08f-d808-42d5-a1e6-e9bc4e34d123,ad4ae08f-d808-42d5-a1e6-e9bc4e34d1232012,35,30.286,0,55,30,1060
5,2012,d5a2eb42-8065-4174-ab79-0a6fa820e35e,d5a2eb42-8065-4174-ab79-0a6fa820e35e2012,31,36.2,1,53,29,1086
6,2012,ebd87119-b331-4469-9ea6-d51fe3ce2f1c,ebd87119-b331-4469-9ea6-d51fe3ce2f1c2012,33,35.212,0,56,30,1162
7,2012,cb2f9f1f-ac67-424e-9e72-1475cb0ed398,cb2f9f1f-ac67-424e-9e72-1475cb0ed3982012,31,32.71,0,52,28,1014
8,2012,82cf9565-6eb9-4f01-bdbd-5aa0d472fcd9,82cf9565-6eb9-4f01-bdbd-5aa0d472fcd92012,33,31.0,2,53,26,961
9,2012,f7ddd7fa-0bae-4f90-bc8e-669e4d6cf2de,f7ddd7fa-0bae-4f90-bc8e-669e4d6cf2de2012,28,32.393,0,50,25,907
10,2012,82d2d380-3834-4938-835f-aec541e5ece7,82d2d380-3834-4938-835f-aec541e5ece72012,38,29.784,1,51,31,1102
11,2012,d26a1ca5-722d-4274-8f97-c92e49c96315,d26a1ca5-722d-4274-8f97-c92e49c963152012,31,29.467,1,53,25,884
12,2012,ce92bd47-93d5-4fe9-ada4-0fc681e6caa0,ce92bd47-93d5-4fe9-ada4-0fc681e6caa02012,32,27.781,0,53,26,889
13,2012,6680d28d-d4d2-49f6-aace-5292d3ec02c2,6680d28d-d4d2-49f6-aace-5292d3ec02c22012,34,30.941,0,52,28,1052
14,2012,1c1cec48-6352-4556-b789-35304c1a6ae1,1c1cec48-6352-4556-b789-35304c1a6ae12012,34,32.176,0,57,31,1094
15,2012,e627eec7-bbae-4fa4-8e73-8e1d6bc5c060,e627eec7-bbae-4fa4-8e73-8e1d6bc5c0602012,31,33.903,0,51,29,1051
16,2012,386bdbf9-9eea-4869-bb9a-274b0bc66e80,386bdbf9-9eea-4869-bb9a-274b0bc66e802012,31,30.258,0,49,27,938
17,2012,04aa1c9d-66da-489d-b16a-1dee3f2eec4d,04aa1c9d-66da-489d-b16a-1dee3f2eec4d2012,39,29.395,1,50,33,1117
18,2012,22052ff7-c065-42ee-bc8f-c4691c50e624,22052ff7-c065-42ee-bc8f-c4691c50e6242012,30,31.7,0,50,24,951
19,2012,7b112545-38e6-483c-a55c-96cf6ee49cb8,7b112545-38e6-483c-a55c-96cf6ee49cb82012,33,31.233,3,54,27,937
20,2012,c5a59daa-53a7-4de0-851f-fb12be893e9e,c5a59daa-53a7-4de0-851f-fb12be893e9e2012,36,34.278,0,53,32,1234
21,2012,a20471b4-a8d9-40c7-95ad-90cc30e46932,a20471b4-a8d9-40c7-95ad-90cc30e469322012,33,24.606,0,54,21,812
22,2012,33405046-04ee-4058-a950-d606f8c30852,33405046-04ee-4058-a950-d606f8c308522012,38,37.216,1,56,35,1377
23,2012,4254d319-1bc7-4f81-b4ab-b5e6f3402b69,4254d319-1bc7-4f81-b4ab-b5e6f3402b692012,33,35.063,1,57,28,1122
24,2012,e6aa13a4-0055-48a9-bc41-be28dc106929,e6aa13a4-0055-48a9-bc41-be28dc1069292012,38,31.526,0,55,33,1198
25,2012,f14bf5cc-9a82-4a38-bc15-d39f75ed5314,f14bf5cc-9a82-4a38-bc15-d39f75ed53142012,21,26.2,1,51,16,524
26,2012,0d855753-ea21-4953-89f9-0e20aff9eb73,0d855753-ea21-4953-89f9-0e20aff9eb732012,22,26.727,0,53,18,588
27,2012,f0e724b0-4cbf-495a-be47-013907608da9,f0e724b0-4cbf-495a-be47-013907608da92012,42,26.205,3,63,29,1022
28,2012,de760528-1dc0-416a-a978-b510d20692ff,de760528-1dc0-416a-a978-b510d20692ff2012,28,35.407,1,61,25,956
29,2012,3d08af9e-c767-4f88-a7dc-b920c6d2b4a8,3d08af9e-c767-4f88-a7dc-b920c6d2b4a82012,27,30.577,1,52,24,795
30,2013,768c92aa-75ff-4a43-bcc0-f2798c2e1724,768c92aa-75ff-4a43-bcc0-f2798c2e17242013,36,32.167,0,55,33,1158
31,2013,4809ecb0-abd3-451d-9c4a-92a90b83ca06,4809ecb0-abd3-451d-9c4a-92a90b83ca062013,34,29.424,1,54,26,971
32,2013,5fee86ae-74ab-4bdd-8416-42a9dd9964f3,5fee86ae-74ab-4bdd-8416-42a9dd9964f32013,36,34.361,0,54,33,1237
33,2013,97354895-8c77-4fd4-a860-32e62ea7382a,97354895-8c77-4fd4-a860-32e62ea7382a2013,41,34.171,0,54,38,1401
34,2013,ad4ae08f-d808-42d5-a1e6-e9bc4e34d123,ad4ae08f-d808-42d5-a1e6-e9bc4e34d1232013,22,33.318,0,54,18,733
35,2013,d5a2eb42-8065-4174-ab79-0a6fa820e35e,d5a2eb42-8065-4174-ab79-0a6fa820e35e2013,26,30.16,1,51,21,754
36,2013,ebd87119-b331-4469-9ea6-d51fe3ce2f1c,ebd87119-b331-4469-9ea6-d51fe3ce2f1c2013,41,34.829,0,61,38,1428
37,2013,cb2f9f1f-ac67-424e-9e72-1475cb0ed398,cb2f9f1f-ac67-424e-9e72-1475cb0ed3982013,32,32.094,0,48,30,1027
38,2013,82cf9565-6eb9-4f01-bdbd-5aa0d472fcd9,82cf9565-6eb9-4f01-bdbd-5aa0d472fcd92013,40,35.0,1,52,35,1365
39,2013,f7ddd7fa-0bae-4f90-bc8e-669e4d6cf2de,f7ddd7fa-0bae-4f90-bc8e-669e4d6cf2de2013,25,36.208,1,55,23,869
40,2013,82d2d380-3834-4938-835f-aec541e5ece7,82d2d380-3834-4938-835f-aec541e5ece72013,35,27.735,1,51,26,943
41,2013,d26a1ca5-722d-4274-8f97-c92e49c96315,d26a1ca5-722d-4274-8f97-c92e49c963152013,29,29.655,0,55,25,860
42,2013,ce92bd47-93d5-4fe9-ada4-0fc681e6caa0,ce92bd47-93d5-4fe9-ada4-0fc681e6caa02013,26,37.962,0,64,25,987
43,2013,6680d28d-d4d2-49f6-aace-5292d3ec02c2,6680d28d-d4d2-49f6-aace-5292d3ec02c22013,28,28.296,1,51,22,764
44,2013,1c1cec48-6352-4556-b789-35304c1a6ae1,1c1cec48-6352-4556-b789-35304c1a6ae12013,30,26.367,0,53,21,791
45,2013,e627eec7-bbae-4fa4-8e73-8e1d6bc5c060,e627eec7-bbae-4fa4-8e73-8e1d6bc5c0602013,30,37.067,0,53,28,1112
46,2013,386bdbf9-9eea-4869-bb9a-274b0bc66e80,386bdbf9-9eea-4869-bb9a-274b0bc66e802013,28,28.821,0,51,23,807
47,2013,04aa1c9d-66da-489d-b16a-1dee3f2eec4d,04aa1c9d-66da-489d-b16a-1dee3f2eec4d2013,26,30.346,0,52,23,789
48,2013,22052ff7-c065-42ee-bc8f-c4691c50e624,22052ff7-c065-42ee-bc8f-c4691c50e6242013,26,30.333,2,50,21,728
49,2013,7b112545-38e6-483c-a55c-96cf6ee49cb8,7b112545-38e6-483c-a55c-96cf6ee49cb82013,29,30.966,0,58,26,898
50,2013,c5a59daa-53a7-4de0-851f-fb12be893e9e,c5a59daa-53a7-4de0-851f-fb12be893e9e2013,24,30.409,2,53,19,669
51,2013,a20471b4-a8d9-40c7-95ad-90cc30e46932,a20471b4-a8d9-40c7-95ad-90cc30e469322013,37,30.297,0,57,33,1121
52,2013,33405046-04ee-4058-a950-d606f8c30852,33405046-04ee-4058-a950-d606f8c308522013,30,30.4,0,54,26,912
53,2013,4254d319-1bc7-4f81-b4ab-b5e6f3402b69,4254d319-1bc7-4f81-b4ab-b5e6f3402b692013,29,30.379,0,54,23,881
54,2013,e6aa13a4-0055-48a9-bc41-be28dc106929,e6aa13a4-0055-48a9-bc41-be28dc1069292013,27,31.296,0,53,24,845
55,2013,f14bf5cc-9a82-4a38-bc15-d39f75ed5314,f14bf5cc-9a82-4a38-bc15-d39f75ed53142013,27,34.0,1,55,24,884
56,2013,0d855753-ea21-4953-89f9-0e20aff9eb73,0d855753-ea21-4953-89f9-0e20aff9eb732013,32,27.452,1,55,24,851
57,2013,f0e724b0-4cbf-495a-be47-013907608da9,f0e724b0-4cbf-495a-be47-013907608da92013,36,32.417,0,56,32,1167
58,2013,de760528-1dc0-416a-a978-b510d20692ff,de760528-1dc0-416a-a978-b510d20692ff2013,36,31.6,1,52,30,1106
59,2013,3d08af9e-c767-4f88-a7dc-b920c6d2b4a8,3d08af9e-c767-4f88-a7dc-b920c6d2b4a82013,35,35.5,1,53,33,1207
60,2014,768c92aa-75ff-4a43-bcc0-f2798c2e1724,768c92aa-75ff-4a43-bcc0-f2798c2e17242014,38,34.514,1,58,34,1277
61,2014,4809ecb0-abd3-451d-9c4a-92a90b83ca06,4809ecb0-abd3-451d-9c4a-92a90b83ca062014,37,27.857,2,53,29,975
62,2014,5fee86ae-74ab-4bdd-8416-42a9dd9964f3,5fee86ae-74ab-4bdd-8416-42a9dd9964f32014,39,30.162,2,55,32,1116
63,2014,97354895-8c77-4fd4-a860-32e62ea7382a,97354895-8c77-4fd4-a860-32e62ea7382a2014,37,33.595,0,53,35,1243
64,2014,ad4ae08f-d808-42d5-a1e6-e9bc4e34d123,ad4ae08f-d808-42d5-a1e6-e9bc4e34d1232014,33,29.469,1,49,26,943
65,2014,d5a2eb42-8065-4174-ab79-0a6fa820e35e,d5a2eb42-8065-4174-ab79-0a6fa820e35e2014,32,28.484,1,52,25,883
66,2014,ebd87119-b331-4469-9ea6-d51fe3ce2f1c,ebd87119-b331-4469-9ea6-d51fe3ce2f1c2014,34,30.485,1,55,29,1006
67,2014,cb2f9f1f-ac67-424e-9e72-1475cb0ed398,cb2f9f1f-ac67-424e-9e72-1475cb0ed3982014,32,31.063,0,53,29,994
68,2014,82cf9565-6eb9-4f01-bdbd-5aa0d472fcd9,82cf9565-6eb9-4f01-bdbd-5aa0d472fcd92014,31,33.839,0,53,30,1049
69,2014,f7ddd7fa-0bae-4f90-bc8e-669e4d6cf2de,f7ddd7fa-0bae-4f90-bc8e-669e4d6cf2de2014,26,34.043,3,53,20,783
70,2014,82d2d380-3834-4938-835f-aec541e5ece7,82d2d380-3834-4938-835f-aec541e5ece72014,35,34.303,2,55,30,1132
71,2014,d26a1ca5-722d-4274-8f97-c92e49c96315,d26a1ca5-722d-4274-8f97-c92e49c963152014,22,30.455,0,51,19,670
72,2014,ce92bd47-93d5-4fe9-ada4-0fc681e6caa0,ce92bd47-93d5-4fe9-ada4-0fc681e6caa02014,29,26.448,0,50,24,767
73,2014,6680d28d-d4d2-49f6-aace-5292d3ec02c2,6680d28d-d4d2-49f6-aace-5292d3ec02c22014,30,27.567,0,53,25,827
74,2014,1c1cec48-6352-4556-b789-35304c1a6ae1,1c1cec48-6352-4556-b789-35304c1a6ae12014,22,36.636,0,57,19,806
75,2014,e627eec7-bbae-4fa4-8e73-8e1d6bc5c060,e627eec7-bbae-4fa4-8e73-8e1d6bc5c0602014,29,35.536,1,56,25,995
76,2014,386bdbf9-9eea-4869-bb9a-274b0bc66e80,386bdbf9-9eea-4869-bb9a-274b0bc66e802014,36,30.778,0,54,32,1108
77,2014,04aa1c9d-66da-489d-b16a-1dee3f2eec4d,04aa1c9d-66da-489d-b16a-1dee3f2eec4d2014,26,34.96,1,53,24,874
78,2014,22052ff7-c065-42ee-bc8f-c4691c50e624,22052ff7-c065-42ee-bc8f-c4691c50e6242014,27,29.704,0,49,24,802
79,2014,7b112545-38e6-483c-a55c-96cf6ee49cb8,7b112545-38e6-483c-a55c-96cf6ee49cb82014,16,25.688,0,48,12,411
80,2014,c5a59daa-53a7-4de0-851f-fb12be893e9e,c5a59daa-53a7-4de0-851f-fb12be893e9e2014,38,24.611,2,52,25,886
81,2014,a20471b4-a8d9-40c7-95ad-90cc30e46932,a20471b4-a8d9-40c7-95ad-90cc30e469322014,33,32.467,3,55,27,974
82,2014,33405046-04ee-4058-a950-d606f8c30852,33405046-04ee-4058-a950-d606f8c308522014,35,29.545,2,55,26,975
83,2014,4254d319-1bc7-4f81-b4ab-b5e6f3402b69,4254d319-1bc7-4f81-b4ab-b5e6f3402b692014,24,37.773,2,55,20,831
84,2014,e6aa13a4-0055-48a9-bc41-be28dc106929,e6aa13a4-0055-48a9-bc41-be28dc1069292014,32,34.677,1,54,29,1075
85,2014,f14bf5cc-9a82-4a38-bc15-d39f75ed5314,f14bf5cc-9a82-4a38-bc15-d39f75ed53142014,35,30.794,1,53,29,1047
86,2014,0d855753-ea21-4953-89f9-0e20aff9eb73,0d855753-ea21-4953-89f9-0e20aff9eb732014,22,28.909,0,50,19,636
87,2014,f0e724b0-4cbf-495a-be47-013907608da9,f0e724b0-4cbf-495a-be47-013907608da92014,31,31.6,1,55,25,948
88,2014,de760528-1dc0-416a-a978-b510d20692ff,de760528-1dc0-416a-a978-b510d20692ff2014,33,33.0,0,51,29,1089
89,2014,3d08af9e-c767-4f88-a7dc-b920c6d2b4a8,3d08af9e-c767-4f88-a7dc-b920c6d2b4a82014,37,31.057,2,58,31,1087
90,2015,768c92aa-75ff-4a43-bcc0-f2798c2e1724,768c92aa-75ff-4a43-bcc0-f2798c2e17242015,27,31.778,0,52,23,858
91,2015,4809ecb0-abd3-451d-9c4a-92a90b83ca06,4809ecb0-abd3-451d-9c4a-92a90b83ca062015,16,28.25,0,53,13,452
92,2015,5fee86ae-74ab-4bdd-8416-42a9dd9964f3,5fee86ae-74ab-4bdd-8416-42a9dd9964f32015,33,30.121,0,55,27,994
93,2015,97354895-8c77-4fd4-a860-32e62ea7382a,97354895-8c77-4fd4-a860-32e62ea7382a2015,36,35.25,0,57,33,1269
94,2015,ad4ae08f-d808-42d5-a1e6-e9bc4e34d123,ad4ae08f-d808-42d5-a1e6-e9bc4e34d1232015,28,31.704,1,52,23,856
95,2015,d5a2eb42-8065-4174-ab79-0a6fa820e35e,d5a2eb42-8065-4174-ab79-0a6fa820e35e2015,32,33.393,4,47,28,935
96,2015,ebd87119-b331-4469-9ea6-d51fe3ce2f1c,ebd87119-b331-4469-9ea6-d51fe3ce2f1c2015,40,30.325,0,52,33,1213
97,2015,cb2f9f1f-ac67-424e-9e72-1475cb0ed398,cb2f9f1f-ac67-424e-9e72-1475cb0ed3982015,42,29.381,0,51,35,1234
98,2015,82cf9565-6eb9-4f01-bdbd-5aa0d472fcd9,82cf9565-6eb9-4f01-bdbd-5aa0d472fcd92015,27,35.593,0,55,25,961
99,2015,f7ddd7fa-0bae-4f90-bc8e-669e4d6cf2de,f7ddd7fa-0bae-4f90-bc8e-669e4d6cf2de2015,30,31.31,1,58,26,908
100,2015,82d2d380-3834-4938-835f-aec541e5ece7,82d2d380-3834-4938-835f-aec541e5ece72015,27,30.259,0,51,23,817
101,2015,d26a1ca5-722d-4274-8f97-c92e49c96315,d26a1ca5-722d-4274-8f97-c92e49c963152015,16,34.75,0,51,14,556
102,2015,ce92bd47-93d5-4fe9-ada4-0fc681e6caa0,ce92bd47-93d5-4fe9-ada4-0fc681e6caa02015,35,30.657,0,57,30,1073
103,2015,6680d28d-d4d2-49f6-aace-5292d3ec02c2,6680d28d-d4d2-49f6-aace-5292d3ec02c22015,37,31.306,1,53,30,1127
104,2015,1c1cec48-6352-4556-b789-35304c1a6ae1,1c1cec48-6352-4556-b789-35304c1a6ae12015,26,31.08,1,56,21,777
105,2015,e627eec7-bbae-4fa4-8e73-8e1d6bc5c060,e627eec7-bbae-4fa4-8e73-8e1d6bc5c0602015,32,33.625,0,54,30,1076
106,2015,386bdbf9-9eea-4869-bb9a-274b0bc66e80,386bdbf9-9eea-4869-bb9a-274b0bc66e802015,26,29.654,0,53,21,771
107,2015,04aa1c9d-66da-489d-b16a-1dee3f2eec4d,04aa1c9d-66da-489d-b16a-1dee3f2eec4d2015,32,34.25,0,53,30,1096
108,2015,22052ff7-c065-42ee-bc8f-c4691c50e624,22052ff7-c065-42ee-bc8f-c4691c50e6242015,30,32.448,1,54,26,941
109,2015,7b112545-38e6-483c-a55c-96cf6ee49cb8,7b112545-38e6-483c-a55c-96cf6ee49cb82015,39,32.128,0,55,33,1253
110,2015,c5a59daa-53a7-4de0-851f-fb12be893e9e,c5a59daa-53a7-4de0-851f-fb12be893e9e2015,24,37.167,0,59,22,892
111,2015,a20471b4-a8d9-40c7-95ad-90cc30e46932,a20471b4-a8d9-40c7-95ad-90cc30e469322015,28,32.556,1,56,24,879
112,2015,33405046-04ee-4058-a950-d606f8c30852,33405046-04ee-4058-a950-d606f8c308522015,39,33.263,1,54,34,1264
113,2015,4254d319-1bc7-4f81-b4ab-b5e6f3402b69,4254d319-1bc7-4f81-b4ab-b5e6f3402b692015,40,25.85,0,58,29,1034
114,2015,e6aa13a4-0055-48a9-bc41-be28dc106929,e6aa13a4-0055-48a9-bc41-be28dc1069292015,31,30.933,1,54,25,928
115,2015,f14bf5cc-9a82-4a38-bc15-d39f75ed5314,f14bf5cc-9a82-4a38-bc15-d39f75ed53142015,36,34.688,4,52,30,1110
116,2015,0d855753-ea21-4953-89f9-0e20aff9eb73,0d855753-ea21-4953-89f9-0e20aff9eb732015,26,26.5,2,57,18,636
117,2015,f0e724b0-4cbf-495a-be47-013907608da9,f0e724b0-4cbf-495a-be47-013907608da92015,27,33.92,2,54,24,848
118,2015,de760528-1dc0-416a-a978-b510d20692ff,de760528-1dc0-416a-a978-b510d20692ff2015,31,28.774,0,47,28,892
119,2015,3d08af9e-c767-4f88-a7dc-b920c6d2b4a8,3d08af9e-c767-4f88-a7dc-b920c6d2b4a82015,31,36.1,1,54,29,1083
120,2016,768c92aa-75ff-4a43-bcc0-f2798c2e1724,768c92aa-75ff-4a43-bcc0-f2798c2e17242016,25,24.56,0,54,19,614
121,2016,4809ecb0-abd3-451d-9c4a-92a90b83ca06,4809ecb0-abd3-451d-9c4a-92a90b83ca062016,21,26.158,2,55,16,497
122,2016,5fee86ae-74ab-4bdd-8416-42a9dd9964f3,5fee86ae-74ab-4bdd-8416-42a9dd9964f32016,31,31.857,3,51,27,892
123,2016,97354895-8c77-4fd4-a860-32e62ea7382a,97354895-8c77-4fd4-a860-32e62ea7382a2016,32,30.031,0,53,27,961
124,2016,ad4ae08f-d808-42d5-a1e6-e9bc4e34d123,ad4ae08f-d808-42d5-a1e6-e9bc4e34d1232016,35,25.171,0,47,28,881
125,2016,d5a2eb42-8065-4174-ab79-0a6fa820e35e,d5a2eb42-8065-4174-ab79-0a6fa820e35e2016,27,28.0,0,51,21,756
126,2016,ebd87119-b331-4469-9ea6-d51fe3ce2f1c,ebd87119-b331-4469-9ea6-d51fe3ce2f1c2016,39,42.132,1,57,38,1601
127,2016,cb2f9f1f-ac67-424e-9e72-1475cb0ed398,cb2f9f1f-ac67-424e-9e72-1475cb0ed3982016,28,35.0,1,49,24,945
128,2016,82cf9565-6eb9-4f01-bdbd-5aa0d472fcd9,82cf9565-6eb9-4f01-bdbd-5aa0d472fcd92016,31,36.806,0,54,27,1141
129,2016,f7ddd7fa-0bae-4f90-bc8e-669e4d6cf2de,f7ddd7fa-0bae-4f90-bc8e-669e4d6cf2de2016,34,34.688,2,56,27,1110
130,2016,82d2d380-3834-4938-835f-aec541e5ece7,82d2d380-3834-4938-835f-aec541e5ece72016,41,29.463,0,53,35,1208
131,2016,d26a1ca5-722d-4274-8f97-c92e49c96315,d26a1ca5-722d-4274-8f97-c92e49c963152016,24,34.792,0,53,22,835
132,2016,ce92bd47-93d5-4fe9-ada4-0fc681e6caa0,ce92bd47-93d5-4fe9-ada4-0fc681e6caa02016,34,30.176,0,55,29,1026
133,2016,6680d28d-d4d2-49f6-aace-5292d3ec02c2,6680d28d-d4d2-49f6-aace-5292d3ec02c22016,35,31.257,0,54,31,1094
134,2016,1c1cec48-6352-4556-b789-35304c1a6ae1,1c1cec48-6352-4556-b789-35304c1a6ae12016,35,29.686,0,56,29,1039
135,2016,e627eec7-bbae-4fa4-8e73-8e1d6bc5c060,e627eec7-bbae-4fa4-8e73-8e1d6bc5c0602016,32,30.375,0,56,27,972
136,2016,386bdbf9-9eea-4869-bb9a-274b0bc66e80,386bdbf9-9eea-4869-bb9a-274b0bc66e802016,41,31.45,1,55,35,1258
137,2016,04aa1c9d-66da-489d-b16a-1dee3f2eec4d,04aa1c9d-66da-489d-b16a-1dee3f2eec4d2016,22,32.818,0,48,21,722
138,2016,22052ff7-c065-42ee-bc8f-c4691c50e624,22052ff7-c065-42ee-bc8f-c4691c50e6242016,42,27.786,0,53,34,1167
139,2016,7b112545-38e6-483c-a55c-96cf6ee49cb8,7b112545-38e6-483c-a55c-96cf6ee49cb82016,23,27.727,1,54,18,610
140,2016,c5a59daa-53a7-4de0-851f-fb12be893e9e,c5a59daa-53a7-4de0-851f-fb12be893e9e2016,36,33.861,0,58,31,1219
141,2016,a20471b4-a8d9-40c7-95ad-90cc30e46932,a20471b4-a8d9-40c7-95ad-90cc30e469322016,30,30.897,1,53,26,896
142,2016,33405046-04ee-4058-a950-d606f8c30852,33405046-04ee-4058-a950-d606f8c308522016,31,31.733,1,51,27,952
143,2016,4254d319-1bc7-4f81-b4ab-b5e6f3402b69,4254d319-1bc7-4f81-b4ab-b5e6f3402b692016,31,24.967,1,43,22,749
144,2016,e6aa13a4-0055-48a9-bc41-be28dc106929,e6aa13a4-0055-48a9-bc41-be28dc1069292016,37,34.417,1,59,34,1239
145,2016,f14bf5cc-9a82-4a38-bc15-d39f75ed5314,f14bf5cc-9a82-4a38-bc15-d39f75ed53142016,38,30.816,0,54,30,1171
146,2016,0d855753-ea21-4953-89f9-0e20aff9eb73,0d855753-ea21-4953-89f9-0e20aff9eb732016,34,30.656,2,57,28,981
147,2016,f0e724b0-4cbf-495a-be47-013907608da9,f0e724b0-4cbf-495a-be47-013907608da92016,21,33.429,0,53,18,702
148,2016,de760528-1dc0-416a-a978-b510d20692ff,de760528-1dc0-416a-a978-b510d20692ff2016,28,28.963,1,60,21,782
149,2016,2eff2a03-54d4-46ba-890e-2bc3925548f3,2eff2a03-54d4-46ba-890e-2bc3925548f32016,22,31.5,0,54,19,693
150,2016,3d08af9e-c767-4f88-a7dc-b920c6d2b4a8,3d08af9e-c767-4f88-a7dc-b920c6d2b4a82016,37,31.028,1,53,33,1117
151,2017,768c92aa-75ff-4a43-bcc0-f2798c2e1724,768c92aa-75ff-4a43-bcc0-f2798c2e17242017,33,35.0,0,56,29,1155
152,2017,4809ecb0-abd3-451d-9c4a-92a90b83ca06,4809ecb0-abd3-451d-9c4a-92a90b83ca062017,23,33.13,0,54,21,762
153,2017,5fee86ae-74ab-4bdd-8416-42a9dd9964f3,5fee86ae-74ab-4bdd-8416-42a9dd9964f32017,30,33.034,1,57,25,958
154,2017,97354895-8c77-4fd4-a860-32e62ea7382a,97354895-8c77-4fd4-a860-32e62ea7382a2017,40,32.175,0,62,37,1287
155,2017,ad4ae08f-d808-42d5-a1e6-e9bc4e34d123,ad4ae08f-d808-42d5-a1e6-e9bc4e34d1232017,20,32.842,1,51,18,624
156,2017,d5a2eb42-8065-4174-ab79-0a6fa820e35e,d5a2eb42-8065-4174-ab79-0a6fa820e35e2017,20,27.35,0,54,15,547
157,2017,ebd87119-b331-4469-9ea6-d51fe3ce2f1c,ebd87119-b331-4469-9ea6-d51fe3ce2f1c2017,37,36.583,1,57,34,1317
158,2017,cb2f9f1f-ac67-424e-9e72-1475cb0ed398,cb2f9f1f-ac67-424e-9e72-1475cb0ed3982017,38,34.324,1,53,35,1270
159,2017,82cf9565-6eb9-4f01-bdbd-5aa0d472fcd9,82cf9565-6eb9-4f01-bdbd-5aa0d472fcd92017,34,32.061,1,54,29,1058
160,2017,f7ddd7fa-0bae-4f90-bc8e-669e4d6cf2de,f7ddd7fa-0bae-4f90-bc8e-669e4d6cf2de2017,35,31.257,0,56,30,1094
161,2017,82d2d380-3834-4938-835f-aec541e5ece7,82d2d380-3834-4938-835f-aec541e5ece72017,25,30.32,0,55,20,758
162,2017,d26a1ca5-722d-4274-8f97-c92e49c96315,d26a1ca5-722d-4274-8f97-c92e49c963152017,42,31.976,1,52,35,1311
163,2017,ce92bd47-93d5-4fe9-ada4-0fc681e6caa0,ce92bd47-93d5-4fe9-ada4-0fc681e6caa02017,32,28.8,2,53,24,864
164,2017,1f6dcffb-9823-43cd-9ff4-e7a8466749b5,1f6dcffb-9823-43cd-9ff4-e7a8466749b52017,30,22.444,3,50,20,606
165,2017,6680d28d-d4d2-49f6-aace-5292d3ec02c2,6680d28d-d4d2-49f6-aace-5292d3ec02c22017,45,33.067,0,53,41,1488
166,2017,1c1cec48-6352-4556-b789-35304c1a6ae1,1c1cec48-6352-4556-b789-35304c1a6ae12017,21,29.5,1,53,16,590
167,2017,e627eec7-bbae-4fa4-8e73-8e1d6bc5c060,e627eec7-bbae-4fa4-8e73-8e1d6bc5c0602017,29,28.759,0,56,22,834
168,2017,386bdbf9-9eea-4869-bb9a-274b0bc66e80,386bdbf9-9eea-4869-bb9a-274b0bc66e802017,34,34.794,0,61,29,1183
169,2017,04aa1c9d-66da-489d-b16a-1dee3f2eec4d,04aa1c9d-66da-489d-b16a-1dee3f2eec4d2017,25,27.217,2,52,18,626
170,2017,22052ff7-c065-42ee-bc8f-c4691c50e624,22052ff7-c065-42ee-bc8f-c4691c50e6242017,28,28.63,1,55,24,773
171,2017,7b112545-38e6-483c-a55c-96cf6ee49cb8,7b112545-38e6-483c-a55c-96cf6ee49cb82017,22,28.0,1,55,16,588
172,2017,c5a59daa-53a7-4de0-851f-fb12be893e9e,c5a59daa-53a7-4de0-851f-fb12be893e9e2017,35,33.314,0,58,30,1166
173,2017,a20471b4-a8d9-40c7-95ad-90cc30e46932,a20471b4-a8d9-40c7-95ad-90cc30e469322017,19,27.444,1,50,15,494
174,2017,33405046-04ee-4058-a950-d606f8c30852,33405046-04ee-4058-a950-d606f8c308522017,38,32.0,1,53,32,1184
175,2017,4254d319-1bc7-4f81-b4ab-b5e6f3402b69,4254d319-1bc7-4f81-b4ab-b5e6f3402b692017,34,25.735,0,50,25,875
176,2017,e6aa13a4-0055-48a9-bc41-be28dc106929,e6aa13a4-0055-48a9-bc41-be28dc1069292017,39,36.946,2,57,34,1367
177,2017,f14bf5cc-9a82-4a38-bc15-d39f75ed5314,f14bf5cc-9a82-4a38-bc15-d39f75ed53142017,30,33.467,0,48,29,1004
178,2017,0d855753-ea21-4953-89f9-0e20aff9eb73,0d855753-ea21-4953-89f9-0e20aff9eb732017,36,32.083,0,53,31,1155
179,2017,f0e724b0-4cbf-495a-be47-013907608da9,f0e724b0-4cbf-495a-be47-013907608da92017,41,38.425,1,52,39,1537
180,2017,de760528-1dc0-416a-a978-b510d20692ff,de760528-1dc0-416a-a978-b510d20692ff2017,40,31.132,2,57,32,1183
181,2017,2eff2a03-54d4-46ba-890e-2bc3925548f3,2eff2a03-54d4-46ba-890e-2bc3925548f32017,43,34.605,0,56,40,1488
182,2017,3d08af9e-c767-4f88-a7dc-b920c6d2b4a8,3d08af9e-c767-4f88-a7dc-b920c6d2b4a82017,29,25.862,0,49,21,750
183,2018,768c92aa-75ff-4a43-bcc0-f2798c2e1724,768c92aa-75ff-4a43-bcc0-f2798c2e17242018,28,31.259,1,54,22,844
184,2018,4809ecb0-abd3-451d-9c4a-92a90b83ca06,4809ecb0-abd3-451d-9c4a-92a90b83ca062018,20,32.35,0,50,18,647
185,2018,5fee86ae-74ab-4bdd-8416-42a9dd9964f3,5fee86ae-74ab-4bdd-8416-42a9dd9964f32018,36,37.056,0,56,33,1334
186,2018,97354895-8c77-4fd4-a860-32e62ea7382a,97354895-8c77-4fd4-a860-32e62ea7382a2018,32,28.469,0,52,27,911
187,2018,ad4ae08f-d808-42d5-a1e6-e9bc4e34d123,ad4ae08f-d808-42d5-a1e6-e9bc4e34d1232018,23,33.857,2,51,19,711
188,2018,d5a2eb42-8065-4174-ab79-0a6fa820e35e,d5a2eb42-8065-4174-ab79-0a6fa820e35e2018,25,29.125,1,51,19,699
189,2018,ebd87119-b331-4469-9ea6-d51fe3ce2f1c,ebd87119-b331-4469-9ea6-d51fe3ce2f1c2018,39,34.811,2,56,35,1288
190,2018,cb2f9f1f-ac67-424e-9e72-1475cb0ed398,cb2f9f1f-ac67-424e-9e72-1475cb0ed3982018,23,27.909,1,50,16,614
191,2018,82cf9565-6eb9-4f01-bdbd-5aa0d472fcd9,82cf9565-6eb9-4f01-bdbd-5aa0d472fcd92018,27,30.556,0,54,23,825
192,2018,f7ddd7fa-0bae-4f90-bc8e-669e4d6cf2de,f7ddd7fa-0bae-4f90-bc8e-669e4d6cf2de2018,26,33.308,0,57,23,866
193,2018,82d2d380-3834-4938-835f-aec541e5ece7,82d2d380-3834-4938-835f-aec541e5ece72018,42,32.429,0,54,37,1362
194,2018,d26a1ca5-722d-4274-8f97-c92e49c96315,d26a1ca5-722d-4274-8f97-c92e49c963152018,30,31.4,0,54,26,942
195,2018,ce92bd47-93d5-4fe9-ada4-0fc681e6caa0,ce92bd47-93d5-4fe9-ada4-0fc681e6caa02018,25,30.04,0,53,20,751
196,2018,1f6dcffb-9823-43cd-9ff4-e7a8466749b5,1f6dcffb-9823-43cd-9ff4-e7a8466749b52018,29,29.724,0,59,24,862
197,2018,6680d28d-d4d2-49f6-aace-5292d3ec02c2,6680d28d-d4d2-49f6-aace-5292d3ec02c22018,27,30.815,0,54,24,832
198,2018,1c1cec48-6352-4556-b789-35304c1a6ae1,1c1cec48-6352-4556-b789-35304c1a6ae12018,32,32.594,0,52,27,1043
199,2018,e627eec7-bbae-4fa4-8e73-8e1d6bc5c060,e627eec7-bbae-4fa4-8e73-8e1d6bc5c0602018,36,31.229,1,62,29,1093
200,2018,386bdbf9-9eea-4869-bb9a-274b0bc66e80,386bdbf9-9eea-4869-bb9a-274b0bc66e802018,31,29.871,0,56,26,926
201,2018,04aa1c9d-66da-489d-b16a-1dee3f2eec4d,04aa1c9d-66da-489d-b16a-1dee3f2eec4d2018,33,34.606,0,57,32,1142
202,2018,22052ff7-c065-42ee-bc8f-c4691c50e624,22052ff7-c065-42ee-bc8f-c4691c50e6242018,29,35.793,0,56,26,1038
203,2018,7b112545-38e6-483c-a55c-96cf6ee49cb8,7b112545-38e6-483c-a55c-96cf6ee49cb82018,30,27.233,0,50,23,817
204,2018,c5a59daa-53a7-4de0-851f-fb12be893e9e,c5a59daa-53a7-4de0-851f-fb12be893e9e2018,32,31.469,0,54,28,1007
205,2018,a20471b4-a8d9-40c7-95ad-90cc30e46932,a20471b4-a8d9-40c7-95ad-90cc30e469322018,37,32.568,0,53,30,1205
206,2018,33405046-04ee-4058-a950-d606f8c30852,33405046-04ee-4058-a950-d606f8c308522018,32,26.0,1,52,22,806
207,2018,4254d319-1bc7-4f81-b4ab-b5e6f3402b69,4254d319-1bc7-4f81-b4ab-b5e6f3402b692018,27,26.037,0,59,20,703
208,2018,e6aa13a4-0055-48a9-bc41-be28dc106929,e6aa13a4-0055-48a9-bc41-be28dc1069292018,26,38.846,0,57,25,1010
209,2018,f14bf5cc-9a82-4a38-bc15-d39f75ed5314,f14bf5cc-9a82-4a38-bc15-d39f75ed53142018,21,35.81,0,63,19,752
210,2018,0d855753-ea21-4953-89f9-0e20aff9eb73,0d855753-ea21-4953-89f9-0e20aff9eb732018,30,35.897,1,54,28,1041
211,2018,f0e724b0-4cbf-495a-be47-013907608da9,f0e724b0-4cbf-495a-be47-013907608da92018,34,34.029,0,53,33,1157
212,2018,de760528-1dc0-416a-a978-b510d20692ff,de760528-1dc0-416a-a978-b510d20692ff2018,17,25.882,0,55,12,440
213,2018,2eff2a03-54d4-46ba-890e-2bc3925548f3,2eff2a03-54d4-46ba-890e-2bc3925548f32018,41,28.073,0,56,34,1151
214,2018,3d08af9e-c767-4f88-a7dc-b920c6d2b4a8,3d08af9e-c767-4f88-a7dc-b920c6d2b4a82018,27,32.148,0,56,22,868
